{
  "tshirt_plain.jpg": {
    "detection_success": true,
    "coverage_ratio": 0.9989837812160695,
    "detected_color": "yellow",
    "design_features": {
      "feature_count": 367,
      "avg_descriptor": [
        22.811988830566406,
        17.683923721313477,
        15.10354232788086,
        12.553133964538574,
        16.446866989135742,
        8.613079071044922,
        7.820163249969482,
        9.487738609313965,
        82.95640563964844,
        38.430519104003906,
        17.4741153717041,
        8.893733024597168,
        12.247956275939941,
        9.117166519165039,
        9.828337669372559,
        23.88555908203125,
        89.14441680908203,
        30.10354232788086,
        9.100817680358887,
        5.9182562828063965,
        11.822888374328613,
        12.41689395904541,
        13.318800926208496,
        33.40327072143555,
        26.02724838256836,
        10.814713478088379,
        5.335149765014648,
        6.828337669372559,
        17.514986038208008,
        13.02452278137207,
        11.098093032836914,
        16.4495906829834,
        28.891008377075195,
        13.942779541015625,
        15.681199073791504,
        16.509536743164062,
        21.8555850982666,
        11.084468841552734,
        9.44141674041748,
        12.310626983642578,
        113.67575073242188,
        33.855587005615234,
        15.994550704956055,
        14.152588844299316,
        17.877384185791016,
        9.63487720489502,
        11.683923721313477,
        32.80926513671875,
        120.51226043701172,
        35.86103439331055,
        9.098093032836914,
        9.534059524536133,
        17.89918327331543,
        16.250680923461914,
        15.400545120239258,
        33.03269577026367,
        35.3651237487793,
        12.912806510925293,
        6.604904651641846,
        10.82016372680664,
        23.520435333251953,
        17.91280746459961,
        13.463214874267578,
        14.866484642028809,
        27.376022338867188,
        10.577656745910645,
        8.618528366088867,
        13.643052101135254,
        22.316076278686523,
        15.512261390686035,
        17.171661376953125,
        17.3732967376709,
        112.52861022949219,
        32.493186950683594,
        11.294278144836426,
        11.918255805969238,
        18.5504093170166,
        11.839237213134766,
        17.174386978149414,
        34.21798324584961,
        121.90463256835938,
        36.534061431884766,
        13.915531158447266,
        14.08991813659668,
        17.566757202148438,
        9.940054893493652,
        11.095367431640625,
        31.74386978149414,
        35.26975631713867,
        18.068119049072266,
        11.836512565612793,
        15.719346046447754,
        24.239782333374023,
        13.801090240478516,
        7.9373297691345215,
        10.321525573730469,
        20.13079071044922,
        7.523160934448242,
        6.019073486328125,
        8.768392562866211,
        17.386920928955078,
        14.185286521911621,
        18.539508819580078,
        19.305177688598633,
        79.70571899414062,
        20.686649322509766,
        8.591280937194824,
        8.836512565612793,
        14.02452278137207,
        9.63487720489502,
        18.659400939941406,
        38.801090240478516,
        90.78746795654297,
        33.455039978027344,
        12.869210243225098,
        10.82016372680664,
        12.604904174804688,
        7.801089763641357,
        11.495912551879883,
        27.713895797729492,
        26.547683715820312,
        18.689373016357422,
        12.942779541015625,
        14.68664836883545,
        19.367847442626953,
        7.8310627937316895,
        6.427793025970459,
        10.343324661254883
      ],
      "design_contours": 1,
      "text_elements": 3,
      "edge_density": 0.021421742032229414,
      "overall_complexity": 21.421742032229414,
      "design_type": "Complex Design"
    },
    "validation": {
      "color_match": true,
      "design_type_match": false,
      "objects_match": false,
      "text_match": false,
      "complexity_match": 